INSERT INTO department09060424(dno,name,dean,addr,phone)
VALUE 
("24","信息科学与工程学院","2011120","软件楼","8305424"),
('27','数学院','2007004','数学楼','8304551'),
('28','工商管理学院','2009007','MBA楼','8304578'),
('29','会计学院','1995008','逸夫楼','8304578'),
('31','政治理论学院','20011024','红叶楼','8304517'),
('32','机器学院','20001021','宇航楼','8304534'),
('33','工业设计学院','19971004','设计大楼','8305204');



INSERT INTO teacher09060424(tno,name,sex,birthday,rank,salary,dno)
VALUE
('2004124','刘东妮','女','1985-1-9','助教','7200','24'),
('2011120','万世平','男','1962-12-11','教授','9900','24'),
('2001009','周曼玲','女','1972-09-09','副教授','8600','24'),
('2000121','李平','男','1973-04-12','助教','7500','24'),
('1997030','刘小明','女','1979-03-30','教授','9700','24'),
('20041024','朱喜','男','1985-1-9','副教授','8500','24'),
('20111104','王林林','女','1962-12-11','助教','7900','24'),
('2007004','张中华','男','1972-09-09','教授','9850','27'),
('2009007','马力','女','1973-04-12','教授','8650','28'),
('1995008','陈浪','男','1979-03-30','教授','7880','29'),
('20011024','刘亚平','女','1972-09-09','教授','10800','31'),
('20001021','张国荣','男','1973-04-12','教授','8950','32'),
('19971004','赵子龙','男','1979-03-30','教授','9650','33'),
('20081003','马千里','男','1979-03-30','副教授','8850','24');

INSERT INTO student09060424(sno,sname,sex,nation,birthday,classno,dno)
VALUE
('20182401101','李毅','男','汉','1985-1-2','软件1班','24'),
('20182401102','厉超','男','苗','1984-3-8','软件1班','24'),
('20182401103','梁冰龙','男','壮','1984-7-9','软件1班','24'),
('20182401104','罗煦','女','维吾尔','1985-10-12','软件1班','24'),
('20182401105','马晓睿','男','汉','1983-11-1','软件1班','24'),
('20182401106','聂立业','男','壮','1984-6-3','软件1班','24'),
('20182401107','王实','男','汉','1984-2-11','软件1班','24'),
('20182401108','伍卉','女','汉','1985-1-3','软件1班','24'),
('20182401109','伍琼','男','汉','1985-12-11','软件1班','24'),
('20182401110','曾文超','男','汉','1984-7-5','软件1班','24'),
('20182401201','黄文杰','男','汉','1984-7-5','软件2班','24'),
('20182401202','龙淼','男','汉','1985-12-11','软件2班','24'),
('20182709101','何晓明','男','汉','1984-8-13','营销1班','27'),
('20182709102','刘寅','男','汉','1984-5-7','营销1班','27'),
('20182911101','邢晓静','女','汉','1984-8-13','电算1班','28'),
('20182911102','李明伟','女','汉','1985-3-9','电算1班','28'),
('20182911103','童熙','女','汉','1985-10-16','电算1班','28'),
('20182911104','朱俊华','男','汉','1985-12-3','电算1班','28');

INSERT INTO course09060424(cno,cname,spno,ctno,hours,experiment,credit,semester,duty_tno,dno)
VALUE
('H24030006','数据结构',null,'2','64','24','4','4','2004124','24'),
('H24030007','计算机组成原理',null,'2','64',null,'4','5','2011120','24'),
('H24030008','数据库系统',null,'3','48','24','3','5','2001009','24'),
('H24030009','操作系统',null,'3','48','24','3','4','2000121','24'),
('H24030010','计算机网络',null,'3','48','16','3','6','1997030','24'),
('C31010001','毛泽东思想概论',null,'1','32',null,'2','6',null,'31'),
('C31010002','邓小平理论',null,'1','62',null,'2','1',null,'31'),
('C24020005','面向对象程序设计',null,'2','32','24','2','5','20111104','24'),
('X27020012','高等数学',null,'1','64',null,'4','2','2007004','27'),
('X24040019','数据挖掘','02','4','32','null','2','7',null,'24'),
('X24040022','网络安全概论','02','4','32',null,'2','7',null,'24');
--INSERT INTO course09060424(cno,cname,ctno,hours,experiment,credit,semester,duty_tno,dno)
--VALUE
--('H24030007','计算机组成原理','2','64',null,'4','5','2011120','24');


INSERT INTO teach09060424(cno,year_semester,tno,classno)
VALUE
('H61030006','2019-1','2004124','A'),
('H61030008','2020-1','2001009','A'),
('C31010001','2019-1','20011024','A'),
('C24020005','2019-2','2009007','A'),
('C31010001','2019-1','20011024','B'),
('X27030019','2019-2','2007004','B');

INSERT INTO enroll09060424(sno,cno,year_semeste,tno,classno,score)
VALUE
('20182401101','H24030006','2019-1','2004124','A','89'),
('20182401102','H24030006','2019-1','2004124','A','98'),
('20182401103','H24030006','2019-1','2004124','A','86'),
('20182401104','H24030006','2019-1','2004124','B','76'),
('20182401101','H24030008','2020-1','2001009','A','83'),
('20182401102','H24030008','2020-1','2001009','A','66'),
('20182401103','H24030008','2020-1','2001009','A','55'),
('20182401104','H24030008','2020-1','2001009','B','87'),
('20182401202','C31010001','2019-1','20011024','A','88'),
('20182709101','C31010001','2019-1','20011024','A','90'),
('20182709102','C24020005','2019-2','2009007','A','83'),
('20182911101','C24020005','2019-2','2009007','A','66'),
('20182911101','C24020005','2019-2','2009007','A','55'),
('20182911101','C31010001','2019-1','20011024','B','87'),
('20182401101','C31010001','2019-1','20011024','A','88'),
('20182401102','X27030019','2019-2','2007004','B','90');

INSERT INTO speciality09060424(spno,spname,dno)
VALUE
('01','软件工程','24'),
('02','人工智能','24'),
('03','物联网','24'),
('04','网络安全','24'),
('11','电算会计','29'),
('08','工商管理','28'),
('09','市场营销','28');

INSERT INTO coursetype09060424(ctno,ctname)
VALUE
('1','公共课'),
('2','专业基础课'),
('3','专业课'),
('4','选修课');